Name,Review,Rating
Pooja,"The Ask Empress chatbot felt like talking to a wise friend who actually gets what I'm going through. It guided me when I felt most confused.",5/5
Meena,"I've tried so many platforms, but this is the first one that makes menopause care feel personalized. I finally feel seen.",4/5
Kate,"The tips and care I received completely transformed my sleep. The affirmations lifted my spirit, and the expert care gave me a path that actually works.",5/5
Susie,"Ask Empress answered questions I was embarrassed to ask even my doctor. No judgment, just real answers.",4/5
Romano,"This platform is a game-changer for women in midlife. It combines science and compassion in a way I've never experienced before.",5/5
Lauren,"For years, I thought I was the only one dealing with brain fog and mood swings. Empress showed me I'm not alone — and gave me tools that actually help.",4/5
Rubins,"The progress tracker gave me clarity. For the first time, I can see what's helping me and what's not.",5/5
Rachel,"It's like the platform was designed just for me. Every feature feels thoughtful, supportive, and personal.",4/5
Patty,"Ask Empress is always there — at 2 am when I can't sleep, or in the morning when I need guidance. It feels like 24/7 support in my pocket.",5/5
Zaria,"I love how this platform speaks to me like a woman, not a patient. It's respectful, empowering, and uplifting.",4/5
Marina,"The affirmations sound simple, but they've helped me through tough days. It feels like the platform understands more than just symptoms.",5/5
Kate,"Finally, a menopause platform that's not clinical or cold. Empress Health feels warm, human, and real.",4/5
Zaria,"I cried the first time I used Ask Empress. It was the first time I felt truly understood in this stage of my life.",5/5
Lima,"The expert recommendations gave me direction I'd been searching for. I no longer feel lost in the sea of menopause advice online.",4/5
Angela,"It feels like a safe space built just for us — women navigating midlife with strength and grace.",5/5
Sandy,"What I love most is how the platform evolves with me. It adapts to my stage, my symptoms, and even my moods.",4/5
Sheon,"Ask Empress explained things about my body in plain language. No jargon, just care that made sense.",5/5
Maggie,"I share this platform with all my friends. We finally have something that supports us through perimenopause together.",4/5
Jeanette,"Empress Health makes me feel like I have a team walking with me. I'm never alone anymore.",5/5
Deandre,"The community pods are amazing — I never realized how much I needed other women's voices in this journey.",4/5
Stephanie,"This is the first time technology actually feels human. Ask Empress feels like she's holding my hand.",5/5
Leslie,"I didn't even know where to start with supplements or skin changes. The platform guided me gently, step by step.",4/5
Maushmi,"I was skeptical at first, but within a week I felt calmer, more informed, and more hopeful.",5/5
Aparna,"Menopause used to feel like a silent struggle. With Empress Health, I finally feel heard.",4/5
Alka,"Every woman deserves a platform like this — one that treats us with dignity, knowledge, and care.",5/5
